Model,Accuracy,Precision,Recall,F1-Score,ROC-AUC
Logistic Regression,0.8085778781038375,0.6020408163265306,0.13288288288288289,0.2177121771217712,0.6998883411926891
Random Forest,0.8094808126410835,0.5964912280701754,0.15315315315315314,0.24372759856630824,0.7211244982984113
Gradient Boosting,0.8049661399548532,0.5447761194029851,0.16441441441441443,0.25259515570934254,0.7220763959894395
