Model,Accuracy,Precision,Recall,F1-Score,ROC-AUC,Avg Precision
Logistic Regression,0.9536065018625127,0.7755102040816326,0.39790575916230364,0.5259515570934256,0.9366628628621038,0.6846573188758854
Random Forest,0.9725702675245513,0.8618421052631579,0.6858638743455497,0.7638483965014577,0.979286957247006,0.8598073951276135
Gradient Boosting,0.9701997968167965,0.8601398601398601,0.643979057591623,0.7365269461077845,0.9792698969939834,0.8237691374263097
